epoch,lr,train_loss_step_mean,loss_reg,loss_kl_raw,loss_kl,kl_weight,val_loss,val_acc,val_nlpd,val_ece
1,0.09999725846827562,1.5663458108901978,0.0,51712.0,0.0,0.0,1.320362288281086,0.6496312022209167,1.3182880878448486,0.10033264756202698
2,0.09998903417374229,1.5312844514846802,3.3361814075760776e-06,51756.18359375,3.3361814075760776e-06,6.445957095709571e-11,1.2831941086826384,0.6538461446762085,1.2810723781585693,0.09504431486129761
3,0.0999753280182866,1.442164421081543,6.713901257171528e-06,52078.390625,6.713901257171528e-06,1.2891914191419143e-10,1.2387784730772575,0.6612223386764526,1.2365906238555908,0.08713020384311676
4,0.09995614150494293,1.351219654083252,1.0256236237182748e-05,53037.046875,1.0256236237182748e-05,1.9337871287128714e-10,1.1942627264149448,0.6712328791618347,1.1920053958892822,0.07589732855558395
5,0.0999314767377287,1.2382473945617676,1.418459305568831e-05,55013.52734375,1.418459305568831e-05,2.5783828382838285e-10,1.158211815219031,0.6775553226470947,1.15604829788208,0.06709480285644531
6,0.09990133642141359,1.1319642066955566,1.8791723050526343e-05,58305.45703125,1.8791723050526343e-05,3.2229785478547854e-10,1.1287394257064112,0.6886196136474609,1.1264492273330688,0.05645323544740677
7,0.0998657238612229,1.0275599956512451,2.4402144845225848e-05,63094.18359375,2.4402144845225848e-05,3.867574257425743e-10,1.111736157922775,0.6854583621025085,1.1095112562179565,0.059253204613924026
8,0.09982464296247523,0.9471420645713806,3.1319788831751794e-05,69411.8125,3.1319788831751794e-05,4.5121699669967e-10,1.104515979614097,0.6786090731620789,1.102344036102295,0.06635214388370514
9,0.099778098230154,0.8662656545639038,3.978537642979063e-05,77151.8046875,3.978537642979063e-05,5.156765676567657e-10,1.0999325713568668,0.6817702651023865,1.097800612449646,0.06480301916599274
10,0.09972609476841367,0.8016924858093262,4.997733049094677e-05,86147.5859375,4.997733049094677e-05,5.801361386138614e-10,1.0960092784481632,0.6807165145874023,1.0937941074371338,0.06562245637178421
11,0.09966863828001983,0.7417598962783813,6.199438939802349e-05,96175.6171875,6.199438939802349e-05,6.445957095709571e-10,1.090379467754143,0.6875658631324768,1.0881731510162354,0.05979904159903526
12,0.09960573506572391,0.6817377209663391,7.588505104649812e-05,107022.7578125,7.588505104649812e-05,7.090552805280529e-10,1.0860530955773888,0.6938883066177368,1.0839197635650635,0.05409480631351471
13,0.09953739202357219,0.6213201284408569,9.168276301352307e-05,118527.4765625,9.168276301352307e-05,7.735148514851486e-10,1.0711532852546684,0.692307710647583,1.0690040588378906,0.05631892755627632
14,0.09946361664814943,0.5685117244720459,0.00010941455548163503,130570.28125,0.00010941455548163503,8.379744224422442e-10,1.0590228423931576,0.6965226531028748,1.0567688941955566,0.0560830682516098
15,0.0993844170297569,0.5057579278945923,0.00012910364603158087,143061.59375,0.00012910364603158087,9.0243399339934e-10,1.0439355826855208,0.698630154132843,1.0417810678482056,0.04944571852684021
16,0.09929980185352526,0.45872771739959717,0.00015082201571203768,155986.15625,0.00015082201571203768,9.668935643564357e-10,1.02538995295606,0.7054794430732727,1.0232532024383545,0.04346153140068054
17,0.0992097803984621,0.40471887588500977,0.00017459300579503179,169285.375,0.00017459300579503179,1.0313531353135314e-09,1.0096155572113423,0.7128556370735168,1.0074002742767334,0.03859614208340645
18,0.09911436253643445,0.3574472963809967,0.00020046357531100512,182935.984375,0.00020046357531100512,1.095812706270627e-09,0.9917578976071421,0.7144362330436707,0.9896565675735474,0.037926942110061646
19,0.09901355873108611,0.31826677918434143,0.00022844581690151244,196889.828125,0.00022844581690151244,1.1602722772277228e-09,0.979977713746693,0.7223393321037292,0.9779005646705627,0.03950925171375275
20,0.09890738003669029,0.2816935181617737,0.0002585240581538528,211086.25,0.0002585240581538528,1.2247318481848187e-09,0.9647513718449278,0.7239199280738831,0.962658703327179,0.03611338883638382
21,0.09879583809693737,0.2500144839286804,0.00029065998387522995,225459.125,0.00029065998387522995,1.2891914191419142e-09,0.9546958385202229,0.7255005240440369,0.9525772929191589,0.036354247480630875
22,0.09867894514365802,0.22168174386024475,0.0003247772401664406,239926.875,0.0003247772401664406,1.35365099009901e-09,0.9440228398908931,0.7255005240440369,0.9419625997543335,0.03629467263817787
23,0.09855671399548181,0.1970926970243454,0.00036079660640098155,254420.65625,0.00036079660640098155,1.4181105610561057e-09,0.933446591219485,0.7286617755889893,0.9314460158348083,0.03772085905075073
24,0.09842915805643157,0.17552319169044495,0.00039856607327237725,268834.53125,0.00039856607327237725,1.4825701320132012e-09,0.9291842750050874,0.7312961220741272,0.9271144270896912,0.03476053848862648
25,0.09829629131445343,0.15770380198955536,0.0004379759484436363,283107.65625,0.0004379759484436363,1.5470297029702971e-09,0.9195435540819319,0.735511064529419,0.9175726175308228,0.03310944512486458
26,0.09815812833988292,0.1426953226327896,0.00047886764514259994,297158.4375,0.00047886764514259994,1.6114892739273928e-09,0.916036036544655,0.735511064529419,0.9139782190322876,0.035288095474243164
27,0.09801468428384717,0.13071133196353912,0.0005210805684328079,310916.75,0.0005210805684328079,1.6759488448844885e-09,0.911676529335649,0.7349842190742493,0.9097314476966858,0.037614982575178146
28,0.09786597487660338,0.11670218408107758,0.0005644613993354142,324327.0,0.0005644613993354142,1.7404084158415842e-09,0.9061552625310434,0.739199161529541,0.9041438102722168,0.03502737358212471
29,0.09771201642581387,0.1072404757142067,0.000608854868914932,337340.375,0.000608854868914932,1.80486798679868e-09,0.9065240224621193,0.7402529120445251,0.9045613408088684,0.03580319508910179
30,0.09755282581475772,0.09965142607688904,0.0006541161565110087,349920.5625,0.0006541161565110087,1.8693275577557755e-09,0.902000421467772,0.7397260069847107,0.9000214338302612,0.03835082799196243
31,0.09738842050047931,0.09065598994493484,0.0007001241319812834,362048.1875,0.0007001241319812834,1.9337871287128714e-09,0.9007012346647562,0.7428872585296631,0.8986940383911133,0.03681087866425514
32,0.09721881851187408,0.08386237174272537,0.0007467130199074745,373684.09375,0.0007467130199074745,1.998246699669967e-09,0.8962708825934423,0.7402529120445251,0.8943560719490051,0.04063982889056206
33,0.0970440384477113,0.0783039852976799,0.0007937888149172068,384828.8125,0.0007937888149172068,2.062706270627063e-09,0.8932711808020749,0.7439410090446472,0.8913329839706421,0.038058120757341385
34,0.0968640994745946,0.07320185750722885,0.0008412152528762817,395462.9375,0.0008412152528762817,2.1271658415841587e-09,0.8914301201968098,0.7444678544998169,0.8894994854927063,0.039598915725946426
35,0.0966790213248601,0.06978954374790192,0.0008889235323294997,405600.125,0.0008889235323294997,2.191625412541254e-09,0.8898104181782086,0.7465753555297852,0.8879353404045105,0.038132194429636
36,0.09648882429441259,0.06542520970106125,0.000936830067075789,415245.9375,0.000936830067075789,2.25608498349835e-09,0.888742363113749,0.7471022009849548,0.8868313431739807,0.039616551250219345
37,0.09629352924049978,0.06176077947020531,0.0009848695481196046,424413.125,0.0009848695481196046,2.3205445544554456e-09,0.88678078593645,0.7486827969551086,0.8848831057548523,0.03811287507414818
38,0.09609315757942506,0.05907990783452988,0.00103297783061862,433113.65625,0.00103297783061862,2.3850041254125414e-09,0.8886800272070319,0.7465753555297852,0.8867888450622559,0.040702324360609055
39,0.09588773128419908,0.05682088062167168,0.001081109861843288,441365.9375,0.001081109861843288,2.4494636963696373e-09,0.8862764398215066,0.7471022009849548,0.8843852877616882,0.04186701029539108
40,0.09567727288213007,0.05384253337979317,0.0011292450362816453,449196.3125,0.0011292450362816453,2.513923267326733e-09,0.885612104288268,0.7460484504699707,0.8837200999259949,0.04323849827051163
41,0.09546180545235346,0.05147893354296684,0.0011773273581638932,456614.625,0.0011773273581638932,2.5783828382838283e-09,0.8857742275402845,0.7465753555297852,0.883902370929718,0.043279003351926804
42,0.09524135262330101,0.049850571900606155,0.0012253390159457922,463644.375,0.0012253390159457922,2.642842409240924e-09,0.8803612370636742,0.7476291060447693,0.8784487843513489,0.04281105473637581
43,0.09501593857010972,0.04772306978702545,0.001273258705623448,470305.40625,0.001273258705623448,2.70730198019802e-09,0.8804962125040583,0.7502634525299072,0.878568708896637,0.04076787084341049
44,0.09478558801197068,0.04631868749856949,0.0013210796751081944,476620.96875,0.0013210796751081944,2.7717615511551156e-09,0.8793033566188511,0.7497365474700928,0.8773790001869202,0.04163765162229538
45,0.09455032620941842,0.04452437534928322,0.001368792145512998,482611.25,0.001368792145512998,2.8362211221122115e-09,0.878073891673877,0.7497365474700928,0.8762978315353394,0.04200770705938339
46,0.09431017896156076,0.04326706752181053,0.0014163904124870896,488295.875,0.0014163904124870896,2.900680693069307e-09,0.8747579538910105,0.7523708939552307,0.8729576468467712,0.03987065702676773
47,0.09406517260324962,0.042205896228551865,0.0014638624852523208,493690.78125,0.0014638624852523208,2.9651402640264024e-09,0.8742315249146602,0.754478394985199,0.8724594712257385,0.03831983357667923
48,0.09381533400219319,0.04102926701307297,0.0015111940447241068,498809.78125,0.0015111940447241068,3.0295998349834987e-09,0.8746927388726848,0.7523708939552307,0.872832179069519,0.040695495903491974
49,0.09356069055600949,0.040083590894937515,0.001558396266773343,503673.65625,0.001558396266773343,3.0940594059405942e-09,0.872802670436614,0.7550052404403687,0.871021568775177,0.03879886865615845
50,0.09330127018922195,0.03872886300086975,0.0016054745065048337,508299.78125,0.0016054745065048337,3.1585189768976897e-09,0.8709915773383684,0.7555321455001831,0.8692091703414917,0.038575075566768646
51,0.0930371013501972,0.03806094080209732,0.0016524250386282802,512701.21875,0.0016524250386282802,3.2229785478547856e-09,0.8704418622279192,0.7550052404403687,0.8686837553977966,0.040379226207733154
52,0.09276821300802535,0.03770768642425537,0.0016992571763694286,516894.0625,0.0016992571763694286,3.2874381188118815e-09,0.869737074674118,0.7576396465301514,0.8679116368293762,0.03748472407460213
53,0.09249463464934321,0.03677782788872719,0.0017459827940911055,520893.84375,0.0017459827940911055,3.351897689768977e-09,0.8700018137599194,0.7539515495300293,0.8681943416595459,0.04055619612336159
54,0.09221639627510077,0.03583625704050064,0.0017926006112247705,524711.125,0.0017926006112247705,3.416357260726073e-09,0.8676380323534645,0.7565858960151672,0.8658171892166138,0.03872087225317955
55,0.09193352839727122,0.03529997542500496,0.0018391258781775832,528360.4375,0.0018391258781775832,3.4808168316831683e-09,0.8647122538881131,0.7571127414703369,0.8628492951393127,0.03850095719099045
56,0.09164606203550499,0.03490130603313446,0.0018855718662962317,531854.6875,0.0018855718662962317,3.545276402640264e-09,0.8660432985886634,0.7576396465301514,0.8643057346343994,0.03822365775704384
57,0.0913540287137281,0.03413178771734238,0.0019319490529596806,535205.0625,0.0019319490529596806,3.60973597359736e-09,0.8621421655437843,0.7586933374404907,0.8603155612945557,0.03754497691988945
58,0.09105746045668521,0.033492714166641235,0.0019782602321356535,538419.9375,0.0019782602321356535,3.6741955445544556e-09,0.8641886355628203,0.7571127414703369,0.8624355792999268,0.03929182514548302
59,0.09075638978642771,0.03314153105020523,0.0020245015621185303,541505.3125,0.0020245015621185303,3.738655115511551e-09,0.8639866997997175,0.7576396465301514,0.862295925617218,0.038781777024269104
60,0.09045084971874738,0.03244899585843086,0.0020706872455775738,544471.4375,0.0020706872455775738,3.8031146864686466e-09,0.8621590763047824,0.7602739930152893,0.8603025674819946,0.037498969584703445
61,0.09014087375955573,0.03210926800966263,0.00211682403460145,547326.0,0.00211682403460145,3.867574257425743e-09,0.8598145341973662,0.758166491985321,0.8580371141433716,0.04181937128305435
62,0.08982649590120982,0.031837232410907745,0.0021629100665450096,550074.125,0.0021629100665450096,3.932033828382838e-09,0.858090199836313,0.7597470879554749,0.8563470244407654,0.040343206375837326
63,0.08950775061878452,0.03142387419939041,0.0022089630365371704,552725.3125,0.0022089630365371704,3.996493399339934e-09,0.85829756458391,0.7602739930152893,0.8565320372581482,0.037393148988485336
64,0.089184672866292,0.03097401186823845,0.0022549876011908054,555285.3125,0.0022549876011908054,4.060952970297029e-09,0.8583801282595281,0.7613276839256287,0.8566033840179443,0.03985157981514931
65,0.08885729807284856,0.030611226335167885,0.002300994237884879,557761.0,0.002300994237884879,4.125412541254126e-09,0.8570067851133919,0.7602739930152893,0.855252206325531,0.04183840751647949
66,0.08852566213878947,0.030263619497418404,0.0023469903971999884,560158.0,0.0023469903971999884,4.189872112211221e-09,0.8572601586172025,0.7602739930152893,0.8555002808570862,0.039404768496751785
67,0.08818980143173213,0.030121568590402603,0.0023929683957248926,562478.125,0.0023929683957248926,4.254331683168317e-09,0.8582388201553779,0.7618545889854431,0.856471598148346,0.040558069944381714
68,0.08784975278258783,0.029890483245253563,0.002438955707475543,564731.125,0.002438955707475543,4.318791254125413e-09,0.8558530980844768,0.7629083395004272,0.8540341854095459,0.04064406827092171
69,0.08750555348152299,0.02939135581254959,0.002484954660758376,566920.5,0.002484954660758376,4.383250825082508e-09,0.8556466370161516,0.760800838470459,0.8538250923156738,0.04408595710992813
70,0.08715724127386973,0.029318450018763542,0.0025309452321380377,569044.5625,0.0025309452321380377,4.447710396039605e-09,0.85502582304847,0.7623814344406128,0.8532321453094482,0.038909912109375
71,0.08680485435598673,0.02892635017633438,0.002576943254098296,571109.5625,0.002576943254098296,4.5121699669967e-09,0.8558786214340097,0.7602739930152893,0.8541438579559326,0.04276632145047188
72,0.0864484313710706,0.02869364246726036,0.002622948493808508,573117.9375,0.002622948493808508,4.576629537953796e-09,0.8530622126556171,0.7618545889854431,0.851269006729126,0.04277941584587097
73,0.08608801140491813,0.028651781380176544,0.0026689665392041206,575073.3125,0.0026689665392041206,4.641089108910891e-09,0.8519806029045418,0.7629083395004272,0.8502224087715149,0.04121103882789612
74,0.0857236339816402,0.02822965197265148,0.002715016482397914,576981.875,0.002715016482397914,4.7055486798679874e-09,0.8538380893942428,0.760800838470459,0.852034330368042,0.04236241430044174
75,0.0853553390593274,0.028025014325976372,0.002761075273156166,578840.75,0.002761075273156166,4.770008250825083e-09,0.8548650313227647,0.7623814344406128,0.8530818819999695,0.042655572295188904
76,0.08498316702566831,0.027721606194972992,0.002807153156027198,580654.0,0.002807153156027198,4.834467821782178e-09,0.8530003392658696,0.7623814344406128,0.8512293100357056,0.04536814242601395
77,0.08460715869352037,0.027695758268237114,0.0028532464057207108,582422.6875,0.0028532464057207108,4.898927392739275e-09,0.8530274475085597,0.7634351849555969,0.8512005805969238,0.042890504002571106
78,0.08422735529643446,0.027440588921308517,0.0028993755113333464,584152.625,0.0028993755113333464,4.963386963696369e-09,0.8526024613666836,0.7613276839256287,0.8508275151252747,0.041868481785058975
79,0.08384379848413306,0.027272086590528488,0.0029455299954861403,585843.25,0.0029455299954861403,5.027846534653466e-09,0.852657178556203,0.7618545889854431,0.8508589267730713,0.042782556265592575
80,0.08345653031794294,0.0271486584097147,0.002991721499711275,587498.375,0.002991721499711275,5.092306105610561e-09,0.851213567877469,0.7623814344406128,0.849459707736969,0.044688619673252106
81,0.08306559326618262,0.027013791725039482,0.0030379421077668667,589117.75,0.0030379421077668667,5.156765676567657e-09,0.850945728219598,0.7613276839256287,0.8492418527603149,0.042267877608537674
82,0.08267103019950531,0.026902703568339348,0.003084200667217374,590704.375,0.003084200667217374,5.221225247524753e-09,0.8526463861586046,0.7629083395004272,0.8508577346801758,0.042698122560977936
83,0.08227288438619755,0.02671504020690918,0.003130498342216015,592259.75,0.003130498342216015,5.285684818481848e-09,0.8512777253373028,0.7613276839256287,0.8494451642036438,0.04660263657569885
84,0.0818711994874345,0.026562070474028587,0.003176827449351549,593783.5,0.003176827449351549,5.350144389438944e-09,0.8531134690072689,0.7597470879554749,0.8514106869697571,0.043951477855443954
85,0.08146601955249189,0.026148635894060135,0.003223195904865861,595278.25,0.003223195904865861,5.41460396039604e-09,0.8492438894931081,0.7629083395004272,0.8475155830383301,0.041585180908441544
86,0.08105738901391554,0.026246938854455948,0.0032696130219846964,596746.6875,0.0032696130219846964,5.479063531353136e-09,0.8507483991606846,0.7602739930152893,0.848942220211029,0.042802102863788605
87,0.08064535268264884,0.026092704385519028,0.0033160713501274586,598188.4375,0.0033160713501274586,5.543523102310231e-09,0.8495029571561341,0.7613276839256287,0.8477603793144226,0.04003090411424637
88,0.08022995574311877,0.025972798466682434,0.0033625750802457333,599605.125,0.0033625750802457333,5.607982673267327e-09,0.84807322977466,0.7613276839256287,0.8463071584701538,0.045778825879096985
89,0.0798112437482808,0.025801025331020355,0.0034091295674443245,600998.5625,0.0034091295674443245,5.672442244224423e-09,0.8490531953293103,0.7618545889854431,0.8472811579704285,0.04410181939601898
90,0.07938926261462366,0.02574756182730198,0.0034557299222797155,602368.6875,0.0034557299222797155,5.736901815181518e-09,0.8512925223630899,0.7602739930152893,0.8494601845741272,0.0446871779859066
91,0.07896405861713394,0.02556176297366619,0.003502374514937401,603716.0,0.003502374514937401,5.801361386138614e-09,0.8486166455095008,0.7618545889854431,0.8468852043151855,0.04672403261065483
92,0.0785356783842216,0.025599338114261627,0.0035490626469254494,605041.0625,0.0035490626469254494,5.86582095709571e-09,0.849731263923444,0.7634351849555969,0.8479912877082825,0.04154781997203827
93,0.07810416889260655,0.025335855782032013,0.003595813177525997,606347.875,0.003595813177525997,5.930280528052805e-09,0.8475617432870654,0.7629083395004272,0.8458390831947327,0.04412275180220604
94,0.07766957746216721,0.025417493656277657,0.003642610739916563,607634.4375,0.003642610739916563,5.994740099009901e-09,0.8487519486812194,0.760800838470459,0.8469871878623962,0.04670783132314682
95,0.07723195175075136,0.025246256962418556,0.003689454635605216,608901.3125,0.003689454635605216,6.0591996699669975e-09,0.8487113849883084,0.7613276839256287,0.8469693660736084,0.04561128467321396
96,0.07679133974894983,0.025234734639525414,0.0037363488227128983,610149.6875,0.0037363488227128983,6.123659240924092e-09,0.8488731233538516,0.760800838470459,0.8471763134002686,0.04552698880434036
97,0.07634778977483389,0.025065049529075623,0.0037833056412637234,611382.1875,0.0037833056412637234,6.1881188118811884e-09,0.8470049640526887,0.7602739930152893,0.845224916934967,0.049282435327768326
98,0.07590135046865652,0.02499323897063732,0.0038303059991449118,612596.25,0.0038303059991449118,6.252578382838284e-09,0.8492172564545722,0.7602739930152893,0.8474762439727783,0.04527464881539345
99,0.07545207078751857,0.02502698265016079,0.003877348965033889,613792.25,0.003877348965033889,6.317037953795379e-09,0.8464616622512785,0.760800838470459,0.8447150588035583,0.05006179213523865
100,0.07500000000000001,0.0248691625893116,0.003924431744962931,614970.3125,0.003924431744962931,6.381497524752476e-09,0.8470060071653762,0.7613276839256287,0.8452818393707275,0.04331882670521736
101,0.07454518768075706,0.024668671190738678,0.003971562255173922,616132.25,0.003971562255173922,6.445957095709571e-09,0.8465634201299026,0.7623814344406128,0.8448932766914368,0.047034747898578644
102,0.07408768370508578,0.024711258709430695,0.004018730018287897,617276.9375,0.004018730018287897,6.510416666666667e-09,0.8480067425206288,0.760800838470459,0.8462596535682678,0.04257030040025711
103,0.07362753824345272,0.024493465200066566,0.004065937828272581,618405.25,0.004065937828272581,6.574876237623763e-09,0.8465504596054994,0.7618545889854431,0.8448265790939331,0.044767189770936966
104,0.07316480175599312,0.02456611394882202,0.004113179165869951,619516.6875,0.004113179165869951,6.6393358085808584e-09,0.848347682721748,0.760800838470459,0.8465867638587952,0.045081742107868195
105,0.07269952498697736,0.02445201389491558,0.0041604614816606045,620612.8125,0.0041604614816606045,6.703795379537954e-09,0.845693379357944,0.760800838470459,0.8439100384712219,0.04841570928692818
106,0.0722317589592464,0.024306707084178925,0.00420778151601553,621693.75,0.00420778151601553,6.768254950495049e-09,0.8452851129156018,0.7618545889854431,0.8435580730438232,0.04357212036848068
107,0.0717615549686164,0.024311097338795662,0.004255135077983141,622759.125,0.004255135077983141,6.832714521452146e-09,0.8469813632512871,0.7613276839256287,0.8452385663986206,0.048174552619457245
108,0.07128896457825365,0.024255091324448586,0.004302529618144035,623810.5,0.004302529618144035,6.897174092409241e-09,0.8462356371673568,0.7613276839256287,0.8445310592651367,0.04649278521537781
109,0.07081403961302007,0.024154819548130035,0.0043499586172401905,624847.375,0.0043499586172401905,6.961633663366337e-09,0.847417298433527,0.7634351849555969,0.8457068800926208,0.04153459519147873
110,0.07033683215379001,0.024210412055253983,0.00439741276204586,625868.875,0.00439741276204586,7.026093234323433e-09,0.8451212762655774,0.7602739930152893,0.8433424830436707,0.04637276008725166
111,0.06985739453173903,0.024148613214492798,0.004444907885044813,626877.5,0.004444907885044813,7.090552805280528e-09,0.8469896136897884,0.760800838470459,0.8452785015106201,0.04753265902400017
112,0.06937577932260515,0.024153055623173714,0.004492448177188635,627874.25,0.004492448177188635,7.155012376237624e-09,0.8466975268121766,0.760800838470459,0.8448699116706848,0.04267925024032593
113,0.06889203934092336,0.024019887670874596,0.004540021996945143,628857.875,0.004540021996945143,7.21947194719472e-09,0.8467262450711619,0.7592202425003052,0.8449916839599609,0.04913971945643425
114,0.0684062276342339,0.023868337273597717,0.004587627947330475,629828.5,0.004587627947330475,7.283931518151815e-09,0.8447427521013233,0.7602739930152893,0.8430182933807373,0.04789768159389496
115,0.067918397477265,0.023983435705304146,0.004635252524167299,630784.6875,0.004635252524167299,7.348391089108911e-09,0.8447501984737947,0.7629083395004272,0.8428995013237,0.047896090894937515
116,0.06742860236609076,0.023802893236279488,0.0046829036436975,631727.75,0.0046829036436975,7.4128506600660075e-09,0.8457282321847528,0.7597470879554749,0.8439939022064209,0.051093004643917084
117,0.06693689601226457,0.023790504783391953,0.004730580374598503,632658.0,0.004730580374598503,7.477310231023102e-09,0.8434977733674366,0.7629083395004272,0.8417952656745911,0.04424170032143593
118,0.06644333233692916,0.023825237527489662,0.004778273869305849,633574.625,0.004778273869305849,7.5417698019802e-09,0.8461459849983674,0.7618545889854431,0.8444017171859741,0.042422011494636536
119,0.0659479654649035,0.023738546296954155,0.004825994838029146,634479.25,0.004825994838029146,7.606229372937293e-09,0.8459320099763298,0.7602739930152893,0.8442538380622864,0.04618057236075401
120,0.06545084971874737,0.0237150676548481,0.00487373024225235,635370.625,0.00487373024225235,7.67068894389439e-09,0.8453770301867084,0.7613276839256287,0.8435804843902588,0.05198421701788902
121,0.06495203961280434,0.023587116971611977,0.004921479616314173,636248.875,0.004921479616314173,7.735148514851486e-09,0.8442895143627492,0.7602739930152893,0.8425009846687317,0.0440797433257103
122,0.06445158984722359,0.023650074377655983,0.004969241563230753,637114.25,0.004969241563230753,7.799608085808581e-09,0.8447842467321108,0.7618545889854431,0.8431211113929749,0.04508040472865105
123,0.06394955530196147,0.023629507049918175,0.005017025396227837,637968.25,0.005017025396227837,7.864067656765677e-09,0.8449236017635172,0.7613276839256287,0.8432000875473022,0.04318812116980553
124,0.06344599103076329,0.023579182103276253,0.005064825061708689,638810.3125,0.005064825061708689,7.928527227722772e-09,0.8435183431878608,0.7613276839256287,0.84183269739151,0.0433175154030323
125,0.06294095225512605,0.023611634969711304,0.005112635903060436,639640.25,0.005112635903060436,7.992986798679868e-09,0.8436693248306613,0.7639620900154114,0.842002272605896,0.04462546110153198
126,0.062434494358242734,0.023484302684664726,0.005160465836524963,640459.25,0.005160465836524963,8.057446369636965e-09,0.8454735063024266,0.7597470879554749,0.8437033891677856,0.044598691165447235
127,0.06192667287892904,0.02345031499862671,0.005208311602473259,641267.1875,0.005208311602473259,8.121905940594059e-09,0.8440045404735682,0.7602739930152893,0.8422827124595642,0.04569877311587334
128,0.06141754350553279,0.023519989103078842,0.005256155971437693,642062.25,0.005256155971437693,8.186365511551156e-09,0.8434185338598157,0.7623814344406128,0.8417401313781738,0.050767578184604645
129,0.06090716206982714,0.023583030328154564,0.0053040278144180775,642848.1875,0.0053040278144180775,8.250825082508251e-09,0.8430862494590285,0.7618545889854431,0.8413354158401489,0.04343537613749504
130,0.06039558454088797,0.023382985964417458,0.005351915489882231,643623.875,0.005351915489882231,8.315284653465347e-09,0.8431355369103596,0.7602739930152893,0.841410219669342,0.04793787747621536
131,0.059882867018956294,0.02338891476392746,0.005399813409894705,644388.8125,0.005399813409894705,8.379744224422442e-09,0.8450088033686197,0.7613276839256287,0.8432900309562683,0.04383870214223862
132,0.05936906572928624,0.023341597989201546,0.0054477215744555,645143.3125,0.0054477215744555,8.444203795379538e-09,0.8420032251496712,0.7613276839256287,0.840332567691803,0.045333314687013626
133,0.05885423701597917,0.02342369593679905,0.005495637189596891,645887.25,0.005495637189596891,8.508663366336635e-09,0.8437373080419414,0.7597470879554749,0.8420178890228271,0.04547729343175888
134,0.05833843733580512,0.023510625585913658,0.005543565843254328,646621.5625,0.005543565843254328,8.57312293729373e-09,0.8435540049797114,0.7613276839256287,0.8418907523155212,0.04838030785322189
135,0.057821723252011556,0.023334674537181854,0.005591497290879488,647345.1875,0.005591497290879488,8.637582508250826e-09,0.845758405952735,0.7592202425003052,0.8440414667129517,0.04649263620376587
136,0.0573041514281206,0.023227542638778687,0.005639440380036831,648059.4375,0.005639440380036831,8.702042079207921e-09,0.8434830921593155,0.760800838470459,0.8417560458183289,0.046329859644174576
137,0.05678577862171523,0.023314129561185837,0.005687379278242588,648762.75,0.005687379278242588,8.766501650165017e-09,0.8473980002207299,0.7602739930152893,0.8456259965896606,0.04534963518381119
138,0.05626666167821522,0.02322380244731903,0.005735327489674091,649456.8125,0.005735327489674091,8.830961221122112e-09,0.843483436471921,0.7613276839256287,0.8417254686355591,0.04541720822453499
139,0.055746857524643346,0.023163070902228355,0.005783274304121733,650140.625,0.005783274304121733,8.89542079207921e-09,0.8448658127679212,0.7613276839256287,0.8431553244590759,0.044370852410793304
140,0.0552264231633827,0.02336036041378975,0.0058312127366662025,650813.6875,0.0058312127366662025,8.959880363036303e-09,0.8427086142770106,0.7597470879554749,0.840995728969574,0.04585997015237808
141,0.05470541566592574,0.023303711786866188,0.005879167001694441,651478.9375,0.005879167001694441,9.0243399339934e-09,0.8439073958311493,0.7613276839256287,0.8421875834465027,0.04678013548254967
142,0.05418389216661579,0.023282835260033607,0.005927122663706541,652134.8125,0.005927122663706541,9.088799504950494e-09,0.842712360639341,0.7597470879554749,0.8410366177558899,0.046791922301054
143,0.0536619098563816,0.023242851719260216,0.005975081119686365,652781.8125,0.005975081119686365,9.153259075907591e-09,0.8441169344838728,0.7634351849555969,0.8424082398414612,0.04247881472110748
144,0.053139525976465686,0.023261800408363342,0.006023031659424305,653418.875,0.006023031659424305,9.217718646864687e-09,0.8442289698613833,0.7618545889854431,0.8425225615501404,0.04479255527257919
145,0.05261679781214721,0.02326914481818676,0.0060709756799042225,654046.4375,0.0060709756799042225,9.282178217821782e-09,0.8434062792955886,0.7629083395004272,0.8417097926139832,0.04362572357058525
146,0.05209378268646,0.023216282948851585,0.006118910852819681,654664.375,0.006118910852819681,9.346637788778878e-09,0.8450264013730563,0.760800838470459,0.8433435559272766,0.04824241250753403
147,0.05157053795390641,0.023295816034078598,0.006166849285364151,655274.1875,0.006166849285364151,9.411097359735975e-09,0.8436057767325382,0.7618545889854431,0.841863751411438,0.04461851716041565
148,0.051047120994167854,0.02324228174984455,0.006214779336005449,655874.8125,0.006214779336005449,9.475556930693069e-09,0.8445440354915011,0.7613276839256287,0.8427745699882507,0.04563941806554794
149,0.0505235892058123,0.02335769683122635,0.006262710317969322,656467.4375,0.006262710317969322,9.540016501650166e-09,0.8429011655431653,0.7629083395004272,0.8412092328071594,0.04564802721142769
150,0.05000000000000001,0.023274701088666916,0.006310637574642897,657051.6875,0.006310637574642897,9.604476072607261e-09,0.8432557148224938,0.7586933374404907,0.8415619730949402,0.04782033711671829
151,0.04947641079418772,0.023241063579916954,0.006358552258461714,657626.875,0.006358552258461714,9.668935643564357e-09,0.8428924285950977,0.7602739930152893,0.8411474823951721,0.05073920637369156
152,0.04895287900583217,0.02318190410733223,0.0064064497128129005,658192.6875,0.0064064497128129005,9.733395214521452e-09,0.8425807210492133,0.7613276839256287,0.8408282995223999,0.045000750571489334
153,0.048429462046093594,0.02324064075946808,0.0064543443731963634,658750.75,0.0064543443731963634,9.79785478547855e-09,0.8443012491292521,0.7602739930152893,0.8425696492195129,0.0478595532476902
154,0.04790621731354002,0.023332931101322174,0.006502223201096058,659299.9375,0.006502223201096058,9.862314356435645e-09,0.8428481795890816,0.7597470879554749,0.8411592245101929,0.046473678201436996
155,0.04738320218785281,0.023224033415317535,0.006550094578415155,659841.1875,0.006550094578415155,9.926773927392739e-09,0.8410173025221669,0.7597470879554749,0.8392133116722107,0.04889345169067383
156,0.04686047402353434,0.023154910653829575,0.006597957573831081,660374.6875,0.006597957573831081,9.991233498349836e-09,0.8416185126540784,0.760800838470459,0.8399381041526794,0.04579473286867142
157,0.04633809014361842,0.02323058620095253,0.0066458056680858135,660899.8125,0.0066458056680858135,1.0055693069306931e-08,0.8432076413211883,0.7618545889854431,0.8415493965148926,0.04475194960832596
158,0.04581610783338422,0.023385409265756607,0.006693637929856777,661416.6875,0.006693637929856777,1.0120152640264027e-08,0.8416502113965338,0.7629083395004272,0.83992600440979,0.04412851110100746
159,0.045294584334074274,0.02328229695558548,0.006741469260305166,661926.9375,0.006741469260305166,1.0184612211221122e-08,0.8423452271802156,0.760800838470459,0.8406142592430115,0.047043487429618835
160,0.044773576836617326,0.023362938314676285,0.006789287086576223,662429.4375,0.006789287086576223,1.024907178217822e-08,0.8441559791062478,0.7613276839256287,0.842421293258667,0.04516219720244408
161,0.044253142475356666,0.023342769593000412,0.006837091874331236,662924.4375,0.006837091874331236,1.0313531353135313e-08,0.8426458715010744,0.7629083395004272,0.8408805131912231,0.04605742171406746
162,0.04373333832178478,0.02324436604976654,0.006884879898279905,663411.625,0.006884879898279905,1.0377990924092409e-08,0.8452483596490231,0.7613276839256287,0.8435279130935669,0.04507478326559067
163,0.043214221378284776,0.023339541628956795,0.00693264277651906,663890.4375,0.00693264277651906,1.0442450495049506e-08,0.8399668975926551,0.7618545889854431,0.8382576704025269,0.047678571194410324
164,0.04269584857187943,0.023407403379678726,0.006980400998145342,664362.875,0.006980400998145342,1.0506910066006601e-08,0.8439188127899572,0.7602739930152893,0.8422536253929138,0.04715319350361824
165,0.042178276747988463,0.02332482859492302,0.007028142921626568,664828.0625,0.007028142921626568,1.0571369636963697e-08,0.8435816468378515,0.7618545889854431,0.8418622016906738,0.044765058904886246
166,0.04166156266419487,0.02336522750556469,0.0070758662186563015,665285.8125,0.0070758662186563015,1.0635829207920794e-08,0.844177074879565,0.7602739930152893,0.8424429893493652,0.047488462179899216
167,0.04114576298402083,0.023350590839982033,0.007123569492250681,665736.1875,0.007123569492250681,1.0700288778877888e-08,0.8426935582316714,0.7629083395004272,0.8409831523895264,0.04379464313387871
168,0.040630934270713764,0.023257113993167877,0.007171240635216236,666178.1875,0.007171240635216236,1.0764748349834983e-08,0.8440627923629809,0.7602739930152893,0.8423252105712891,0.047642335295677185
169,0.040117132981043684,0.023404618725180626,0.007218886632472277,666612.625,0.007218886632472277,1.082920792079208e-08,0.8423207941748696,0.7613276839256287,0.8405904769897461,0.045820996165275574
170,0.03960441545911202,0.02341035008430481,0.007266511209309101,667039.9375,0.007266511209309101,1.0893667491749176e-08,0.8430462133520145,0.7634351849555969,0.841350793838501,0.04552784934639931
171,0.03909283793017287,0.02348347008228302,0.007314115297049284,667460.375,0.007314115297049284,1.0958127062706271e-08,0.8420553900796068,0.7618545889854431,0.8403051495552063,0.045071907341480255
172,0.03858245649446722,0.02346019633114338,0.00736170494928956,667874.5625,0.00736170494928956,1.1022586633663365e-08,0.8405425792247905,0.7613276839256287,0.8387981653213501,0.045727964490652084
173,0.03807332712107096,0.02332325652241707,0.0074092731811106205,668282.0,0.0074092731811106205,1.1087046204620462e-08,0.8409321338283752,0.7629083395004272,0.8392347097396851,0.047717608511447906
174,0.037565505641757264,0.023502474650740623,0.007456812541931868,668682.125,0.007456812541931868,1.1151505775577558e-08,0.84064802882292,0.7618545889854431,0.8389694094657898,0.04501474276185036
175,0.037059047744873966,0.023515740409493446,0.007504327222704887,669075.5,0.007504327222704887,1.1215965346534653e-08,0.8407842106763882,0.7618545889854431,0.8391132950782776,0.04505118355154991
176,0.036554008969236725,0.02344927191734314,0.007551814429461956,669461.875,0.007551814429461956,1.128042491749175e-08,0.841250703508158,0.7602739930152893,0.8395505547523499,0.046974360942840576
177,0.036050444698038524,0.023496214300394058,0.007599275559186935,669841.625,0.007599275559186935,1.1344884488448846e-08,0.8452315147106464,0.7597470879554749,0.8435236215591431,0.0471222922205925
178,0.035548410152776405,0.023459721356630325,0.007646706886589527,670214.4375,0.007646706886589527,1.140934405940594e-08,0.8420531571351062,0.760800838470459,0.8403226137161255,0.0495375320315361
179,0.03504796038719567,0.023497305810451508,0.00769411213696003,670580.8125,0.00769411213696003,1.1473803630363037e-08,0.8418003727688804,0.7629083395004272,0.840060830116272,0.0450008250772953
180,0.034549150281252626,0.02364977076649666,0.0077414847910404205,670940.25,0.0077414847910404205,1.1538263201320132e-08,0.8415350067351716,0.7613276839256287,0.8398667573928833,0.046473678201436996
181,0.0340520345350965,0.02350904420018196,0.007788832299411297,671293.5,0.007788832299411297,1.1602722772277228e-08,0.8412162569224897,0.7602739930152893,0.8394455313682556,0.04713236168026924
182,0.03355666766307083,0.02359873428940773,0.007836143486201763,671639.75,0.007836143486201763,1.1667182343234325e-08,0.8442314255225017,0.7618545889854431,0.8425461053848267,0.04533451795578003
183,0.033063103987735425,0.023684266954660416,0.007883426733314991,671979.8125,0.007883426733314991,1.173164191419142e-08,0.83965490854201,0.7623814344406128,0.8379424214363098,0.045095570385456085
184,0.03257139763390924,0.02374684438109398,0.007930684834718704,672314.0,0.007930684834718704,1.1796101485148514e-08,0.8418558195343259,0.7618545889854431,0.8401240706443787,0.049489110708236694
185,0.03208160252273499,0.023695852607488632,0.007977914996445179,672642.25,0.007977914996445179,1.186056105610561e-08,0.8435925249053505,0.760800838470459,0.8419297337532043,0.04683103784918785
186,0.031593772365766104,0.023712702095508575,0.008025115355849266,672964.4375,0.008025115355849266,1.1925020627062707e-08,0.8421770629440646,0.760800838470459,0.8404791951179504,0.04638393595814705
187,0.031107960659076627,0.023691866546869278,0.008072291500866413,673281.1875,0.008072291500866413,1.1989480198019802e-08,0.8412259662616115,0.7629083395004272,0.8395620584487915,0.04457590728998184
188,0.030624220677394842,0.023704152554273605,0.0081194331869483,673591.625,0.0081194331869483,1.2053939768976898e-08,0.8417108962106252,0.7618545889854431,0.8399838209152222,0.04495829716324806
189,0.03014260546826095,0.023765254765748978,0.00816653948277235,673895.875,0.00816653948277235,1.2118399339933995e-08,0.842600939271322,0.7629083395004272,0.8409063816070557,0.04436982050538063
190,0.029663167846209974,0.02382471039891243,0.008213615044951439,674194.375,0.008213615044951439,1.218285891089109e-08,0.8398703199794596,0.7618545889854431,0.8381529450416565,0.045887596905231476
191,0.029185960386979938,0.023714710026979446,0.008260664530098438,674487.625,0.008260664530098438,1.2247318481848184e-08,0.8431368331386618,0.7613276839256287,0.8415217995643616,0.04598860442638397
192,0.028711035421746356,0.023748677223920822,0.008307680487632751,674775.0625,0.008307680487632751,1.2311778052805281e-08,0.8406268875767232,0.7618545889854431,0.8388858437538147,0.047159526497125626
193,0.02823844503138362,0.02380436658859253,0.008354666642844677,675057.0625,0.008354666642844677,1.2376237623762377e-08,0.8407024348623761,0.7613276839256287,0.8389526009559631,0.04576226696372032
194,0.027768241040753625,0.02385948970913887,0.008401619270443916,675333.4375,0.008401619270443916,1.2440697194719472e-08,0.8412226469926262,0.7618545889854431,0.8394669890403748,0.04580102488398552
195,0.02730047501302265,0.023924175649881363,0.008448539301753044,675604.4375,0.008448539301753044,1.2505156765676568e-08,0.8402684924474381,0.7613276839256287,0.8384982347488403,0.04841094836592674
196,0.026835198244006913,0.02399858459830284,0.00849542859941721,675870.125,0.00849542859941721,1.2569616336633665e-08,0.8408344043193049,0.7629083395004272,0.8391469120979309,0.04472842440009117
197,0.026372461756547293,0.023925654590129852,0.00854228064417839,676130.1875,0.00854228064417839,1.2634075907590759e-08,0.8424768313467188,0.760800838470459,0.8407657146453857,0.046509336680173874
198,0.025912316294914216,0.024111300706863403,0.008589095436036587,676384.75,0.008589095436036587,1.2698535478547854e-08,0.8426284474743682,0.7592202425003052,0.8408715128898621,0.04850776121020317
199,0.025454812319242945,0.023911163210868835,0.00863588321954012,676634.5625,0.00863588321954012,1.2762995049504951e-08,0.8422883310609421,0.760800838470459,0.8406642079353333,0.04679261893033981
200,0.024999999999999974,0.024073965847492218,0.008682631887495518,676878.75,0.008682631887495518,1.2827454620462047e-08,0.840556205261118,0.7623814344406128,0.8388633728027344,0.04511634260416031
201,0.02454792921248142,0.02403959631919861,0.008729343302547932,677117.6875,0.008729343302547932,1.2891914191419142e-08,0.8413076844180221,0.7602739930152893,0.8396299481391907,0.04719819128513336
202,0.024098649531343483,0.024027429521083832,0.00877602118998766,677351.625,0.00877602118998766,1.295637376237624e-08,0.8394166208544571,0.7634351849555969,0.8377035856246948,0.04474324733018875
203,0.023652210225166108,0.024130070582032204,0.008822660893201828,677580.375,0.008822660893201828,1.3020833333333333e-08,0.8409999092713045,0.760800838470459,0.839272141456604,0.04721967875957489
204,0.023208660251050166,0.024216115474700928,0.008869264274835587,677804.0,0.008869264274835587,1.3085292904290429e-08,0.8424589219409875,0.7618545889854431,0.8406948447227478,0.04569048434495926
205,0.02276804824924865,0.0242410060018301,0.008915829472243786,678022.625,0.008915829472243786,1.3149752475247526e-08,0.8400134737549391,0.7602739930152893,0.8383919596672058,0.04953323304653168
206,0.022330422537832784,0.0242446418851614,0.008962360210716724,678236.4375,0.008962360210716724,1.3214212046204621e-08,0.8413482386897563,0.7613276839256287,0.8396128416061401,0.046681229025125504
207,0.021895831107393467,0.024231672286987305,0.009008854627609253,678445.5,0.009008854627609253,1.3278671617161717e-08,0.8415302053266632,0.7613276839256287,0.8397772312164307,0.04608897492289543
208,0.021464321615778405,0.024160372093319893,0.009055309928953648,678649.5625,0.009055309928953648,1.334313118811881e-08,0.8411345632611387,0.7618545889854431,0.8393737077713013,0.04614036902785301
209,0.021035941382866036,0.024305380880832672,0.009101727977395058,678848.875,0.009101727977395058,1.3407590759075908e-08,0.8435486903054947,0.7597470879554749,0.841824471950531,0.04792005941271782
210,0.020610737385376332,0.024337708950042725,0.009148112498223782,679043.8125,0.009148112498223782,1.3472050330033003e-08,0.8417363366538029,0.7618545889854431,0.840007483959198,0.04594103619456291
211,0.020188756251719186,0.02440701238811016,0.00919446162879467,679234.3125,0.00919446162879467,1.3536509900990099e-08,0.8411647031128846,0.7602739930152893,0.8395713567733765,0.04778316989541054
212,0.019770044256881242,0.02445567026734352,0.009240774437785149,679420.3125,0.009240774437785149,1.3600969471947196e-08,0.8413300289369107,0.7618545889854431,0.8396997451782227,0.04579642787575722
213,0.019354647317351172,0.02457568608224392,0.00928705558180809,679602.1875,0.00928705558180809,1.3665429042904291e-08,0.8379271456263213,0.7634351849555969,0.8361402750015259,0.044561777263879776
214,0.01894261098608447,0.024508308619260788,0.009333303198218346,679780.0,0.009333303198218346,1.3729888613861385e-08,0.8394723762576523,0.760800838470459,0.8377962112426758,0.047215815633535385
215,0.01853398044750812,0.024486731737852097,0.009379515424370766,679953.5,0.009379515424370766,1.3794348184818482e-08,0.8417122396704269,0.7602739930152893,0.8400805592536926,0.04740440100431442
216,0.018128800512565497,0.024670429527759552,0.009425690397620201,680122.75,0.009425690397620201,1.3858807755775578e-08,0.8415573188452122,0.7602739930152893,0.8398453593254089,0.04914085566997528
217,0.017727115613802465,0.024594787508249283,0.009471832774579525,680288.125,0.009471832774579525,1.3923267326732673e-08,0.8408209344232799,0.7629083395004272,0.8390822410583496,0.046363603323698044
218,0.017328969800494726,0.024563081562519073,0.009517942555248737,680449.5625,0.009517942555248737,1.398772689768977e-08,0.8393782825691054,0.7618545889854431,0.8375927209854126,0.04604148119688034
219,0.01693440673381738,0.024688374251127243,0.00956401601433754,680607.0,0.00956401601433754,1.4052186468646866e-08,0.8420874931789676,0.7623814344406128,0.8403138518333435,0.045529820024967194
220,0.016543469682057072,0.02472040243446827,0.00961005687713623,680760.625,0.00961005687713623,1.411664603960396e-08,0.8398819114184606,0.7629083395004272,0.8381385803222656,0.04521111398935318
221,0.016156201515866952,0.024701323360204697,0.00965606328099966,680910.5,0.00965606328099966,1.4181105610561055e-08,0.8401134324400392,0.7629083395004272,0.8384225964546204,0.04504548758268356
222,0.01577264470356555,0.024711810052394867,0.009702031500637531,681056.25,0.009702031500637531,1.4245565181518152e-08,0.8409640441076522,0.7597470879554749,0.8393268585205078,0.048109110444784164
223,0.015392841306479652,0.024921562522649765,0.009747958742082119,681197.875,0.009747958742082119,1.4310024752475248e-08,0.8369686074704089,0.7613276839256287,0.8352113962173462,0.046857934445142746
224,0.015016832974331708,0.024898555129766464,0.00979385245591402,681335.875,0.00979385245591402,1.4374484323432343e-08,0.8418099801080622,0.7602739930152893,0.8400341272354126,0.047499530017375946
225,0.014644660940672613,0.02484242245554924,0.009839712642133236,681470.375,0.009839712642133236,1.443894389438944e-08,0.8425175908744901,0.7629083395004272,0.8407872915267944,0.044773589819669724
226,0.01427636601835983,0.024966495111584663,0.009885539300739765,681601.3125,0.009885539300739765,1.4503403465346534e-08,0.8406508424887542,0.7618545889854431,0.8390177488327026,0.046328116208314896
227,0.013911988595081878,0.024882040917873383,0.009931324049830437,681728.25,0.009931324049830437,1.456786303630363e-08,0.8397653825164971,0.7623814344406128,0.8380783200263977,0.045845650136470795
228,0.01355156862892942,0.024874452501535416,0.009977074339985847,681851.6875,0.009977074339985847,1.4632322607260727e-08,0.8422286563226119,0.7618545889854431,0.8406000733375549,0.04616382718086243
229,0.013195145644013287,0.025020882487297058,0.010022781789302826,681971.1875,0.010022781789302826,1.4696782178217822e-08,0.8411721855370589,0.7618545889854431,0.8395366072654724,0.04586289823055267
230,0.01284275872613027,0.025018401443958282,0.010068456642329693,682087.375,0.010068456642329693,1.4761241749174918e-08,0.8414575806156476,0.7629083395004272,0.8397753238677979,0.045759961009025574
231,0.012494446518477009,0.025125477463006973,0.010114097967743874,682200.3125,0.010114097967743874,1.4825701320132015e-08,0.8408062877594734,0.7602739930152893,0.8391343355178833,0.04800155386328697
232,0.012150247217412175,0.025164596736431122,0.010159707628190517,682310.125,0.010159707628190517,1.489016089108911e-08,0.8422303464817171,0.7618545889854431,0.8405211567878723,0.04618043825030327
233,0.011810198568267876,0.025121087208390236,0.010205280967056751,682416.5625,0.010205280967056751,1.4954620462046204e-08,0.840720238750928,0.760800838470459,0.839099109172821,0.04732886329293251
234,0.011474337861210531,0.02518017590045929,0.010250816121697426,682519.625,0.010250816121697426,1.50190800330033e-08,0.8405642279583737,0.7634351849555969,0.8388509750366211,0.04561031609773636
235,0.011142701927151444,0.02522648684680462,0.010296318680047989,682619.5,0.010296318680047989,1.50835396039604e-08,0.8415590682949231,0.7618545889854431,0.8398722410202026,0.04581422358751297
236,0.010815327133708003,0.02524527907371521,0.010341784916818142,682716.25,0.010341784916818142,1.5147999174917492e-08,0.8409591949651817,0.760800838470459,0.8392584323883057,0.047439709305763245
237,0.01049224938121548,0.025335360318422318,0.010387219488620758,682810.0,0.010387219488620758,1.5212458745874586e-08,0.8399388959711797,0.7623814344406128,0.8380607962608337,0.0456773079931736
238,0.010173504098790176,0.025325264781713486,0.010432621464133263,682900.9375,0.010432621464133263,1.5276918316831683e-08,0.8425351691572633,0.7623814344406128,0.8408161401748657,0.045825958251953125
239,0.009859126240444271,0.025359053164720535,0.010477990843355656,682988.875,0.010477990843355656,1.534137788778878e-08,0.8398870267405776,0.7618545889854431,0.8381608724594116,0.04604337736964226
240,0.009549150281252623,0.025572260841727257,0.010523324832320213,683073.875,0.010523324832320213,1.5405837458745874e-08,0.8396113624813936,0.7618545889854431,0.8379145860671997,0.04634684696793556
241,0.009243610213572274,0.025509219616651535,0.010568627156317234,683156.0625,0.010568627156317234,1.547029702970297e-08,0.8408388171984851,0.7629083395004272,0.8391252756118774,0.04525323957204819
242,0.008942539543314788,0.025492895394563675,0.010613901540637016,683235.75,0.010613901540637016,1.5534756600660065e-08,0.8395488944269709,0.7629083395004272,0.8378677368164062,0.045467011630535126
243,0.008645971286271894,0.025551440194249153,0.010659141466021538,683312.625,0.010659141466021538,1.5599216171617162e-08,0.8408945832790138,0.7618545889854431,0.8392128944396973,0.04610833525657654
244,0.008353937964495019,0.025652263313531876,0.010704351589083672,683386.9375,0.010704351589083672,1.566367574257426e-08,0.8401813711833652,0.7629083395004272,0.838535726070404,0.04526401683688164
245,0.008066471602728794,0.025654800236225128,0.010749531909823418,683458.75,0.010749531909823418,1.5728135313531353e-08,0.839700084717432,0.7602739930152893,0.8379859328269958,0.04765305295586586
246,0.007783603724899238,0.02564210817217827,0.010794676840305328,683527.6875,0.010794676840305328,1.579259488448845e-08,0.8429706084087601,0.760800838470459,0.84123694896698,0.0483236163854599
247,0.007505365350656804,0.02575593627989292,0.010839791037142277,683594.25,0.010839791037142277,1.5857054455445544e-08,0.8400010033829571,0.7613276839256287,0.8383050560951233,0.04702134057879448
248,0.007231786991974663,0.025723997503519058,0.010884874500334263,683658.25,0.010884874500334263,1.592151402640264e-08,0.8395340833322266,0.7623814344406128,0.8378412127494812,0.04695766419172287
249,0.006962898649802816,0.025784194469451904,0.010929925367236137,683719.75,0.010929925367236137,1.5985973597359735e-08,0.8409309068143179,0.7613276839256287,0.8392242789268494,0.046827755868434906
250,0.0066987298107780684,0.025844678282737732,0.01097494550049305,683778.75,0.01097494550049305,1.6050433168316832e-08,0.8378513005058682,0.7639620900154114,0.8360887765884399,0.04429441690444946
251,0.0064393094439905135,0.02578428015112877,0.011019933968782425,683835.375,0.011019933968782425,1.611489273927393e-08,0.8414016843972644,0.7613276839256287,0.8397425413131714,0.04713395610451698
252,0.006184665997806814,0.02597171813249588,0.011064893566071987,683889.75,0.011064893566071987,1.6179352310231023e-08,0.8422380256200616,0.7613276839256287,0.8405501842498779,0.04679353907704353
253,0.005934827396750386,0.0259664598852396,0.011109825223684311,683942.0,0.011109825223684311,1.6243811881188117e-08,0.8420736211871196,0.7618545889854431,0.8403912782669067,0.04585648700594902
254,0.005689821038439258,0.02607973851263523,0.01115472987294197,683992.125,0.01115472987294197,1.6308271452145214e-08,0.8403302149727422,0.7629083395004272,0.8386148810386658,0.045145899057388306
255,0.005449673790581606,0.02599899098277092,0.011199604719877243,684040.125,0.011199604719877243,1.637273102310231e-08,0.8381717208816079,0.7623814344406128,0.8364996910095215,0.047677937895059586
256,0.005214411988029361,0.026036150753498077,0.011244453489780426,684086.0625,0.011244453489780426,1.6437190594059405e-08,0.8396824673681792,0.7634351849555969,0.8379544615745544,0.0447981096804142
257,0.004984061429890319,0.026203403249382973,0.011289270594716072,684129.8125,0.011289270594716072,1.6501650165016502e-08,0.8408701542933699,0.760800838470459,0.8392171263694763,0.04740940034389496
258,0.004758647376699027,0.026153314858675003,0.011334064416587353,684171.75,0.011334064416587353,1.65661097359736e-08,0.8421135423557776,0.7618545889854431,0.8404345512390137,0.046172745525836945
259,0.004538194547646569,0.026086948812007904,0.011378828436136246,684211.625,0.011378828436136246,1.6630569306930693e-08,0.8420134100697942,0.7613276839256287,0.8402305841445923,0.04776041954755783
260,0.004322727117869958,0.026300009340047836,0.01142356637865305,684249.5625,0.01142356637865305,1.6695028877887787e-08,0.8406443540615327,0.7613276839256287,0.838968813419342,0.04678160324692726
261,0.00411226871580095,0.026278944686055183,0.011468278244137764,684285.6875,0.011468278244137764,1.6759488448844884e-08,0.8394573199610815,0.7639620900154114,0.8377993702888489,0.044240113347768784
262,0.003906842420574965,0.026338424533605576,0.011512963101267815,684319.9375,0.011512963101267815,1.682394801980198e-08,0.8408423485067547,0.7613276839256287,0.8391159772872925,0.04689563810825348
263,0.0037064707595002603,0.026408091187477112,0.01155762281268835,684352.4375,0.01155762281268835,1.6888407590759075e-08,0.8397175749436068,0.7613276839256287,0.8381096720695496,0.04696061834692955
264,0.0035111757055874297,0.026371203362941742,0.011602258309721947,684383.25,0.011602258309721947,1.6952867161716172e-08,0.8404696375853897,0.7618545889854431,0.8387853503227234,0.046299394220113754
265,0.00332097867513991,0.026432756334543228,0.011646869592368603,684412.4375,0.011646869592368603,1.701732673267327e-08,0.8410821867943815,0.7613276839256287,0.8393734693527222,0.04654615372419357
266,0.003135900525405425,0.026471968740224838,0.011691455729305744,684439.875,0.011691455729305744,1.7081786303630363e-08,0.8402496313772413,0.7618545889854431,0.8385763764381409,0.046463873237371445
267,0.002955961552288725,0.026536503806710243,0.011736019514501095,684465.875,0.011736019514501095,1.714624587458746e-08,0.839195710464574,0.7623814344406128,0.8375598788261414,0.0461152046918869
268,0.0027811814881259483,0.026515506207942963,0.011780560947954655,684490.3125,0.011780560947954655,1.7210705445544554e-08,0.8399310211235906,0.7629083395004272,0.8382561802864075,0.04597483575344086
269,0.0026115794995207205,0.02667689323425293,0.011825080029666424,684513.3125,0.011825080029666424,1.727516501650165e-08,0.8391410400040911,0.7618545889854431,0.8374180197715759,0.046483878046274185
270,0.002447174185242322,0.026630066335201263,0.011869575828313828,684534.75,0.011869575828313828,1.7339624587458745e-08,0.8388814824398753,0.7618545889854431,0.8371977210044861,0.048156145960092545
271,0.0022879835741861573,0.026713477447628975,0.011914050206542015,684554.875,0.011914050206542015,1.7404084158415842e-08,0.8420662626200155,0.7618545889854431,0.8403483629226685,0.048968423157930374
272,0.0021340251233966366,0.026728689670562744,0.011958506889641285,684573.75,0.011958506889641285,1.7468543729372936e-08,0.8398073286100736,0.7618545889854431,0.8380932211875916,0.0471276193857193
273,0.0019853157161528454,0.026860320940613747,0.01200293842703104,684591.125,0.01200293842703104,1.7533003300330033e-08,0.8391527732632057,0.7629083395004272,0.8375290632247925,0.045282308012247086
274,0.0018418716601170937,0.026797734200954437,0.012047355063259602,684607.5,0.012047355063259602,1.759746287128713e-08,0.8405957744546133,0.760800838470459,0.8389617800712585,0.047415055334568024
275,0.0017037086855465834,0.026891056448221207,0.012091749347746372,684622.5,0.012091749347746372,1.7661922442244224e-08,0.8407034282312503,0.7623814344406128,0.8389682769775391,0.04675164818763733
276,0.0015708419435684453,0.026958240196108818,0.012136129662394524,684636.5625,0.012136129662394524,1.772638201320132e-08,0.8413701218222165,0.7618545889854431,0.8396679162979126,0.045905571430921555
277,0.0014432860045182007,0.027026083320379257,0.012180490419268608,684649.5,0.012180490419268608,1.779084158415842e-08,0.839226899709792,0.7623814344406128,0.8375539779663086,0.04626580700278282
278,0.0013210548563419846,0.0270831435918808,0.012224835343658924,684661.375,0.012224835343658924,1.7855301155115512e-08,0.8398810273352363,0.7618545889854431,0.8382520079612732,0.046315599232912064
279,0.001204161903062633,0.02706722915172577,0.012269162572920322,684672.25,0.012269162572920322,1.7919760726072606e-08,0.8414173662599699,0.7618545889854431,0.8396535515785217,0.0467153824865818
280,0.0010926199633097202,0.027200981974601746,0.012313474901020527,684682.1875,0.012313474901020527,1.7984220297029703e-08,0.8391025841424538,0.7618545889854431,0.8374436497688293,0.04642549157142639
281,0.0009864412689139115,0.027125174179673195,0.012357772327959538,684691.25,0.012357772327959538,1.80486798679868e-08,0.8417541674241126,0.760800838470459,0.8399497270584106,0.047209907323122025
282,0.0008856374635655687,0.027172580361366272,0.012402057647705078,684699.5,0.012402057647705078,1.8113139438943894e-08,0.8409489518849943,0.7618545889854431,0.8392461538314819,0.04835205897688866
283,0.0007902196015379052,0.027118613943457603,0.012446328066289425,684706.875,0.012446328066289425,1.8177599009900988e-08,0.840950678723881,0.7618545889854431,0.8392003178596497,0.04617045819759369
284,0.0007001981464747503,0.02737046778202057,0.012490583583712578,684713.5,0.012490583583712578,1.8242058580858085e-08,0.8406294155924791,0.760800838470459,0.8389672636985779,0.047137606889009476
285,0.0006155829702431165,0.027389928698539734,0.012534827925264835,684719.375,0.012534827925264835,1.8306518151815183e-08,0.8410576299319654,0.7602739930152893,0.8394286036491394,0.04806157946586609
286,0.0005363833518505828,0.027415435761213303,0.012579058296978474,684724.5,0.012579058296978474,1.8370977722772276e-08,0.838944299454684,0.7613276839256287,0.8372997045516968,0.04794972762465477
287,0.00046260797642781965,0.027412306517362595,0.012623281218111515,684729.125,0.012623281218111515,1.8435437293729373e-08,0.8399866527953314,0.7602739930152893,0.8383472561836243,0.04794370383024216
288,0.00039426493427611135,0.02747398614883423,0.012667492032051086,684733.125,0.012667492032051086,1.849989686468647e-08,0.8394627056081629,0.7602739930152893,0.837674081325531,0.04791616275906563
289,0.0003313617199801774,0.027492672204971313,0.012711692601442337,684736.5,0.012711692601442337,1.8564356435643564e-08,0.840464151320141,0.7629083395004272,0.8387693762779236,0.0482381246984005
290,0.00027390523158633525,0.027594441547989845,0.012755883857607841,684739.375,0.012755883857607841,1.862881600660066e-08,0.83917207825925,0.7629083395004272,0.837431013584137,0.04556920379400253
291,0.00022190176984599998,0.027673624455928802,0.012800068594515324,684741.875,0.012800068594515324,1.8693275577557755e-08,0.8418623672521529,0.7618545889854431,0.840201199054718,0.04799828678369522
292,0.0001753570375247813,0.02765505202114582,0.01284424401819706,684743.875,0.01284424401819706,1.8757735148514853e-08,0.8408364944387663,0.7623814344406128,0.8391287326812744,0.045671187341213226
293,0.00013427613877709508,0.02767031639814377,0.012888414785265923,684745.5625,0.012888414785265923,1.882219471947195e-08,0.8419570362605586,0.7602739930152893,0.8402692079544067,0.04847519099712372
294,9.866357858642196e-05,0.027802079916000366,0.012932577170431614,684746.875,0.012932577170431614,1.8886654290429043e-08,0.8405744514425135,0.7629083395004272,0.8388477563858032,0.045548126101493835
295,6.852326227130828e-05,0.027813732624053955,0.012976733967661858,684747.8125,0.012976733967661858,1.8951113861386137e-08,0.8398167335823791,0.7618545889854431,0.8381206393241882,0.045786190778017044
296,4.38584950570808e-05,0.02780027687549591,0.013020885176956654,684748.5,0.013020885176956654,1.9015573432343234e-08,0.8430719405758117,0.7592202425003052,0.8413556218147278,0.04884812980890274
297,2.4671981713419976e-05,0.027907274663448334,0.013065033592283726,684749.0,0.013065033592283726,1.908003300330033e-08,0.8405383844144477,0.7639620900154114,0.838819682598114,0.044024694710969925
298,1.096582625772501e-05,0.02800568751990795,0.01310917641967535,684749.25,0.01310917641967535,1.9144492574257425e-08,0.8392201876866429,0.7613276839256287,0.8374778628349304,0.04803355783224106
299,2.7415317243928406e-06,0.02791735902428627,0.013153319247066975,684749.4375,0.013153319247066975,1.9208952145214523e-08,0.8399879119670052,0.7623814344406128,0.838310182094574,0.048477016389369965
300,0.0,0.02807524986565113,0.0131974583491683,684749.5,0.0131974583491683,1.927341171617162e-08,0.8392769423626497,0.7613276839256287,0.8376225233078003,0.04683095961809158
